<?xml version="1.0" encoding="UTF-8"?>
<component xmlns="http://www.opensource-socialnetwork.org/v/3.0">
    <name>Ossn Sounds</name>
    <id>OssnSounds</id>
    <author>Core Team</author>
    <description>Enables sound notification for incoming messages.</description>
    <license>Open Source Social Network License (OSSN LICENSE)</license>
    <author_url>http://www.opensource-socialnetwork.org</author_url>
    <license_url>http://www.opensource-socialnetwork.org/licence/</license_url>
    <version>6.2</version>
	<requires>
		<type>ossn_version</type>
		<version>6.0</version>
	</requires>
</component>
