<?xml version="1.0" encoding="UTF-8"?>
<theme xmlns="http://www.opensource-socialnetwork.org/theme/v/3.0">
    <name>GoBlue</name>
    <id>goblue</id>
    <author>Core Team</author>
    <author_url>https://www.opensource-socialnetwork.org/</author_url>	
    <description>A responsive theme for Ossn.</description>
    <license>Open Source Social Network License (OSSN LICENSE)</license>
    <license_url>https://www.opensource-socialnetwork.org/licence</license_url>
    <version>6.2</version>
	<requires>
		<type>ossn_version</type>
		<version>6.2</version>
	</requires>
</theme>
